<?xml version="1.0" encoding="UTF-8"?>
<root>
  <item name="com.turing.framework.utils.ThreadPoolUtils ThreadPoolUtils(int, int) 0">
    <annotation name="android.support.annotation.IntDef">
      <val name="value" val="{com.turing.framework.utils.ThreadPoolUtils.FixedThread, com.turing.framework.utils.ThreadPoolUtils.CachedThread, com.turing.framework.utils.ThreadPoolUtils.SingleThread}" />
    </annotation>
  </item>
  <item name="com.turing.framework.utils.ThreadPoolUtils.Type">
    <annotation name="android.support.annotation.IntDef">
      <val name="value" val="{com.turing.framework.utils.ThreadPoolUtils.FixedThread, com.turing.framework.utils.ThreadPoolUtils.CachedThread, com.turing.framework.utils.ThreadPoolUtils.SingleThread}" />
    </annotation>
  </item>
  <item name="com.turing.framework.utils.TimeUtils java.lang.String getString(java.lang.String, java.text.DateFormat, long, int) 3">
    <annotation name="android.support.annotation.IntDef">
      <val name="value" val="{com.turing.framework.utils.common.TimeConstants.MSEC, com.turing.framework.utils.common.TimeConstants.SEC, com.turing.framework.utils.common.TimeConstants.MIN, com.turing.framework.utils.common.TimeConstants.HOUR, com.turing.framework.utils.common.TimeConstants.DAY}" />
    </annotation>
  </item>
  <item name="com.turing.framework.utils.TimeUtils java.lang.String getString(java.lang.String, long, int) 2">
    <annotation name="android.support.annotation.IntDef">
      <val name="value" val="{com.turing.framework.utils.common.TimeConstants.MSEC, com.turing.framework.utils.common.TimeConstants.SEC, com.turing.framework.utils.common.TimeConstants.MIN, com.turing.framework.utils.common.TimeConstants.HOUR, com.turing.framework.utils.common.TimeConstants.DAY}" />
    </annotation>
  </item>
  <item name="com.turing.framework.utils.TimeUtils java.lang.String getString(java.util.Date, java.text.DateFormat, long, int) 3">
    <annotation name="android.support.annotation.IntDef">
      <val name="value" val="{com.turing.framework.utils.common.TimeConstants.MSEC, com.turing.framework.utils.common.TimeConstants.SEC, com.turing.framework.utils.common.TimeConstants.MIN, com.turing.framework.utils.common.TimeConstants.HOUR, com.turing.framework.utils.common.TimeConstants.DAY}" />
    </annotation>
  </item>
  <item name="com.turing.framework.utils.TimeUtils java.lang.String getString(java.util.Date, long, int) 2">
    <annotation name="android.support.annotation.IntDef">
      <val name="value" val="{com.turing.framework.utils.common.TimeConstants.MSEC, com.turing.framework.utils.common.TimeConstants.SEC, com.turing.framework.utils.common.TimeConstants.MIN, com.turing.framework.utils.common.TimeConstants.HOUR, com.turing.framework.utils.common.TimeConstants.DAY}" />
    </annotation>
  </item>
  <item name="com.turing.framework.utils.TimeUtils java.lang.String getString(long, java.text.DateFormat, long, int) 3">
    <annotation name="android.support.annotation.IntDef">
      <val name="value" val="{com.turing.framework.utils.common.TimeConstants.MSEC, com.turing.framework.utils.common.TimeConstants.SEC, com.turing.framework.utils.common.TimeConstants.MIN, com.turing.framework.utils.common.TimeConstants.HOUR, com.turing.framework.utils.common.TimeConstants.DAY}" />
    </annotation>
  </item>
  <item name="com.turing.framework.utils.TimeUtils java.lang.String getString(long, long, int) 2">
    <annotation name="android.support.annotation.IntDef">
      <val name="value" val="{com.turing.framework.utils.common.TimeConstants.MSEC, com.turing.framework.utils.common.TimeConstants.SEC, com.turing.framework.utils.common.TimeConstants.MIN, com.turing.framework.utils.common.TimeConstants.HOUR, com.turing.framework.utils.common.TimeConstants.DAY}" />
    </annotation>
  </item>
  <item name="com.turing.framework.utils.TimeUtils java.lang.String getStringByNow(long, int) 1">
    <annotation name="android.support.annotation.IntDef">
      <val name="value" val="{com.turing.framework.utils.common.TimeConstants.MSEC, com.turing.framework.utils.common.TimeConstants.SEC, com.turing.framework.utils.common.TimeConstants.MIN, com.turing.framework.utils.common.TimeConstants.HOUR, com.turing.framework.utils.common.TimeConstants.DAY}" />
    </annotation>
  </item>
  <item name="com.turing.framework.utils.TimeUtils java.lang.String getStringByNow(long, java.text.DateFormat, int) 2">
    <annotation name="android.support.annotation.IntDef">
      <val name="value" val="{com.turing.framework.utils.common.TimeConstants.MSEC, com.turing.framework.utils.common.TimeConstants.SEC, com.turing.framework.utils.common.TimeConstants.MIN, com.turing.framework.utils.common.TimeConstants.HOUR, com.turing.framework.utils.common.TimeConstants.DAY}" />
    </annotation>
  </item>
  <item name="com.turing.framework.utils.TimeUtils java.util.Date getDate(java.lang.String, java.text.DateFormat, long, int) 3">
    <annotation name="android.support.annotation.IntDef">
      <val name="value" val="{com.turing.framework.utils.common.TimeConstants.MSEC, com.turing.framework.utils.common.TimeConstants.SEC, com.turing.framework.utils.common.TimeConstants.MIN, com.turing.framework.utils.common.TimeConstants.HOUR, com.turing.framework.utils.common.TimeConstants.DAY}" />
    </annotation>
  </item>
  <item name="com.turing.framework.utils.TimeUtils java.util.Date getDate(java.lang.String, long, int) 2">
    <annotation name="android.support.annotation.IntDef">
      <val name="value" val="{com.turing.framework.utils.common.TimeConstants.MSEC, com.turing.framework.utils.common.TimeConstants.SEC, com.turing.framework.utils.common.TimeConstants.MIN, com.turing.framework.utils.common.TimeConstants.HOUR, com.turing.framework.utils.common.TimeConstants.DAY}" />
    </annotation>
  </item>
  <item name="com.turing.framework.utils.TimeUtils java.util.Date getDate(java.util.Date, long, int) 2">
    <annotation name="android.support.annotation.IntDef">
      <val name="value" val="{com.turing.framework.utils.common.TimeConstants.MSEC, com.turing.framework.utils.common.TimeConstants.SEC, com.turing.framework.utils.common.TimeConstants.MIN, com.turing.framework.utils.common.TimeConstants.HOUR, com.turing.framework.utils.common.TimeConstants.DAY}" />
    </annotation>
  </item>
  <item name="com.turing.framework.utils.TimeUtils java.util.Date getDate(long, long, int) 2">
    <annotation name="android.support.annotation.IntDef">
      <val name="value" val="{com.turing.framework.utils.common.TimeConstants.MSEC, com.turing.framework.utils.common.TimeConstants.SEC, com.turing.framework.utils.common.TimeConstants.MIN, com.turing.framework.utils.common.TimeConstants.HOUR, com.turing.framework.utils.common.TimeConstants.DAY}" />
    </annotation>
  </item>
  <item name="com.turing.framework.utils.TimeUtils java.util.Date getDateByNow(long, int) 1">
    <annotation name="android.support.annotation.IntDef">
      <val name="value" val="{com.turing.framework.utils.common.TimeConstants.MSEC, com.turing.framework.utils.common.TimeConstants.SEC, com.turing.framework.utils.common.TimeConstants.MIN, com.turing.framework.utils.common.TimeConstants.HOUR, com.turing.framework.utils.common.TimeConstants.DAY}" />
    </annotation>
  </item>
  <item name="com.turing.framework.utils.TimeUtils long getMillis(java.lang.String, java.text.DateFormat, long, int) 3">
    <annotation name="android.support.annotation.IntDef">
      <val name="value" val="{com.turing.framework.utils.common.TimeConstants.MSEC, com.turing.framework.utils.common.TimeConstants.SEC, com.turing.framework.utils.common.TimeConstants.MIN, com.turing.framework.utils.common.TimeConstants.HOUR, com.turing.framework.utils.common.TimeConstants.DAY}" />
    </annotation>
  </item>
  <item name="com.turing.framework.utils.TimeUtils long getMillis(java.lang.String, long, int) 2">
    <annotation name="android.support.annotation.IntDef">
      <val name="value" val="{com.turing.framework.utils.common.TimeConstants.MSEC, com.turing.framework.utils.common.TimeConstants.SEC, com.turing.framework.utils.common.TimeConstants.MIN, com.turing.framework.utils.common.TimeConstants.HOUR, com.turing.framework.utils.common.TimeConstants.DAY}" />
    </annotation>
  </item>
  <item name="com.turing.framework.utils.TimeUtils long getMillis(java.util.Date, long, int) 2">
    <annotation name="android.support.annotation.IntDef">
      <val name="value" val="{com.turing.framework.utils.common.TimeConstants.MSEC, com.turing.framework.utils.common.TimeConstants.SEC, com.turing.framework.utils.common.TimeConstants.MIN, com.turing.framework.utils.common.TimeConstants.HOUR, com.turing.framework.utils.common.TimeConstants.DAY}" />
    </annotation>
  </item>
  <item name="com.turing.framework.utils.TimeUtils long getMillis(long, long, int) 2">
    <annotation name="android.support.annotation.IntDef">
      <val name="value" val="{com.turing.framework.utils.common.TimeConstants.MSEC, com.turing.framework.utils.common.TimeConstants.SEC, com.turing.framework.utils.common.TimeConstants.MIN, com.turing.framework.utils.common.TimeConstants.HOUR, com.turing.framework.utils.common.TimeConstants.DAY}" />
    </annotation>
  </item>
  <item name="com.turing.framework.utils.TimeUtils long getMillisByNow(long, int) 1">
    <annotation name="android.support.annotation.IntDef">
      <val name="value" val="{com.turing.framework.utils.common.TimeConstants.MSEC, com.turing.framework.utils.common.TimeConstants.SEC, com.turing.framework.utils.common.TimeConstants.MIN, com.turing.framework.utils.common.TimeConstants.HOUR, com.turing.framework.utils.common.TimeConstants.DAY}" />
    </annotation>
  </item>
  <item name="com.turing.framework.utils.TimeUtils long getTimeSpan(java.lang.String, java.lang.String, int) 2">
    <annotation name="android.support.annotation.IntDef">
      <val name="value" val="{com.turing.framework.utils.common.TimeConstants.MSEC, com.turing.framework.utils.common.TimeConstants.SEC, com.turing.framework.utils.common.TimeConstants.MIN, com.turing.framework.utils.common.TimeConstants.HOUR, com.turing.framework.utils.common.TimeConstants.DAY}" />
    </annotation>
  </item>
  <item name="com.turing.framework.utils.TimeUtils long getTimeSpan(java.lang.String, java.lang.String, java.text.DateFormat, int) 3">
    <annotation name="android.support.annotation.IntDef">
      <val name="value" val="{com.turing.framework.utils.common.TimeConstants.MSEC, com.turing.framework.utils.common.TimeConstants.SEC, com.turing.framework.utils.common.TimeConstants.MIN, com.turing.framework.utils.common.TimeConstants.HOUR, com.turing.framework.utils.common.TimeConstants.DAY}" />
    </annotation>
  </item>
  <item name="com.turing.framework.utils.TimeUtils long getTimeSpan(java.util.Date, java.util.Date, int) 2">
    <annotation name="android.support.annotation.IntDef">
      <val name="value" val="{com.turing.framework.utils.common.TimeConstants.MSEC, com.turing.framework.utils.common.TimeConstants.SEC, com.turing.framework.utils.common.TimeConstants.MIN, com.turing.framework.utils.common.TimeConstants.HOUR, com.turing.framework.utils.common.TimeConstants.DAY}" />
    </annotation>
  </item>
  <item name="com.turing.framework.utils.TimeUtils long getTimeSpan(long, long, int) 2">
    <annotation name="android.support.annotation.IntDef">
      <val name="value" val="{com.turing.framework.utils.common.TimeConstants.MSEC, com.turing.framework.utils.common.TimeConstants.SEC, com.turing.framework.utils.common.TimeConstants.MIN, com.turing.framework.utils.common.TimeConstants.HOUR, com.turing.framework.utils.common.TimeConstants.DAY}" />
    </annotation>
  </item>
  <item name="com.turing.framework.utils.TimeUtils long getTimeSpanByNow(java.lang.String, int) 1">
    <annotation name="android.support.annotation.IntDef">
      <val name="value" val="{com.turing.framework.utils.common.TimeConstants.MSEC, com.turing.framework.utils.common.TimeConstants.SEC, com.turing.framework.utils.common.TimeConstants.MIN, com.turing.framework.utils.common.TimeConstants.HOUR, com.turing.framework.utils.common.TimeConstants.DAY}" />
    </annotation>
  </item>
  <item name="com.turing.framework.utils.TimeUtils long getTimeSpanByNow(java.lang.String, java.text.DateFormat, int) 2">
    <annotation name="android.support.annotation.IntDef">
      <val name="value" val="{com.turing.framework.utils.common.TimeConstants.MSEC, com.turing.framework.utils.common.TimeConstants.SEC, com.turing.framework.utils.common.TimeConstants.MIN, com.turing.framework.utils.common.TimeConstants.HOUR, com.turing.framework.utils.common.TimeConstants.DAY}" />
    </annotation>
  </item>
  <item name="com.turing.framework.utils.TimeUtils long getTimeSpanByNow(java.util.Date, int) 1">
    <annotation name="android.support.annotation.IntDef">
      <val name="value" val="{com.turing.framework.utils.common.TimeConstants.MSEC, com.turing.framework.utils.common.TimeConstants.SEC, com.turing.framework.utils.common.TimeConstants.MIN, com.turing.framework.utils.common.TimeConstants.HOUR, com.turing.framework.utils.common.TimeConstants.DAY}" />
    </annotation>
  </item>
  <item name="com.turing.framework.utils.TimeUtils long getTimeSpanByNow(long, int) 1">
    <annotation name="android.support.annotation.IntDef">
      <val name="value" val="{com.turing.framework.utils.common.TimeConstants.MSEC, com.turing.framework.utils.common.TimeConstants.SEC, com.turing.framework.utils.common.TimeConstants.MIN, com.turing.framework.utils.common.TimeConstants.HOUR, com.turing.framework.utils.common.TimeConstants.DAY}" />
    </annotation>
  </item>
  <item name="com.turing.framework.utils.TimeUtils long millis2TimeSpan(long, int) 1">
    <annotation name="android.support.annotation.IntDef">
      <val name="value" val="{com.turing.framework.utils.common.TimeConstants.MSEC, com.turing.framework.utils.common.TimeConstants.SEC, com.turing.framework.utils.common.TimeConstants.MIN, com.turing.framework.utils.common.TimeConstants.HOUR, com.turing.framework.utils.common.TimeConstants.DAY}" />
    </annotation>
  </item>
  <item name="com.turing.framework.utils.TimeUtils long timeSpan2Millis(long, int) 1">
    <annotation name="android.support.annotation.IntDef">
      <val name="value" val="{com.turing.framework.utils.common.TimeConstants.MSEC, com.turing.framework.utils.common.TimeConstants.SEC, com.turing.framework.utils.common.TimeConstants.MIN, com.turing.framework.utils.common.TimeConstants.HOUR, com.turing.framework.utils.common.TimeConstants.DAY}" />
    </annotation>
  </item>
</root>

